{
  "appTitle": "คลังคลิปดูแลหลังผ่าตัด",
  "categories": [
    {
      "key": "preop",
      "label": "ระยะก่อนผ่าตัด",
      "emoji": "🅰️",
      "tip": "เน้นคลิป “ต้องดู” ก่อนมารพ. เช่น งดน้ำงดอาหาร / เอกสาร / เตรียมของ"
    },
    {
      "key": "postop",
      "label": "ระยะหลังผ่าตัด",
      "emoji": "🅱️",
      "tip": "เรียงตามลำดับเวลา: วันแรก → 3 วัน → 1 สัปดาห์ เพื่อให้ดูเหมือนไกด์"
    },
    {
      "key": "home",
      "label": "ระยะหลังกลับบ้าน",
      "emoji": "🏠",
      "tip": "จัดเป็นหัวข้อย่อย เช่น อาหาร / แผล / ออกกำลังกาย / อาการที่ต้องเฝ้าระวัง"
    }
  ],
  "videos": [
    {
      "id": "preop-01",
      "category": "preop",
      "title": "ตัวอย่าง: งดน้ำงดอาหารก่อนผ่าตัด",
      "note": "สรุปสั้นๆก่อนวันผ่าตัด (เปลี่ยนชื่อ/รายละเอียดได้)",
      "driveId": "PASTE_GOOGLE_DRIVE_FILE_ID",
      "duration": "1:40",
      "tags": [
        "ก่อนผ่าตัด",
        "ต้องดู"
      ],
      "order": 1,
      "mustWatch": true
    },
    {
      "id": "postop-01",
      "category": "postop",
      "title": "ตัวอย่าง: หลังผ่าตัดวันแรกควรทำอะไร",
      "note": "โฟกัสเรื่องแผล/การลุกเดิน/การกิน (ปรับให้ตรงกับงานจริง)",
      "driveId": "PASTE_GOOGLE_DRIVE_FILE_ID",
      "duration": "2:10",
      "tags": [
        "หลังผ่าตัด",
        "Day0-1"
      ],
      "order": 1,
      "mustWatch": true
    },
    {
      "id": "home-01",
      "category": "home",
      "title": "ตัวอย่าง: กลับบ้านแล้วดูแลตัวเองยังไง",
      "note": "เช็กลิสต์สิ่งที่ต้องสังเกต + นัดติดตาม",
      "driveId": "PASTE_GOOGLE_DRIVE_FILE_ID",
      "duration": "1:30",
      "tags": [
        "กลับบ้าน",
        "ต้องดู"
      ],
      "order": 1,
      "mustWatch": true
    }
  ],
  "contacts": {
    "nursePhone": "021234567",
    "oaLineId": "@YOUR_OA_ID",
    "presetChatText": "ขอปรึกษาอาการ/การดูแลหลังผ่าตัดค่ะ/ครับ"
  }
}